<?xml version="1.0" encoding="utf-8"?><!--The data file defining the stroke font: Hershey-Markers--><font name="Hershey-Markers" size="30"><crinfo>&quot;The Hershey Fonts were originally created by Dr. A. V. Hershey while working at the U. S. National Bureau of Standards. The format of the Font data in this distribution was originally created byn James Hurt Cognition, Inc. 900 Technology Park Drive Billerica, MA 01821 (mit-eddie!ci-dandelion!hurt)&quot; quoted from https://emergent.unpythonic.net/software/hershey</crinfo><glyph bbox="(0.0,14.0,-16.0,-2.0)" char="A" rOff="14">M6.0 -16.0L3.0 -15.0L1.0 -13.0L0.0 -10.0L0.0 -8.0L1.0 -5.0L3.0 -3.0L6.0 -2.0L8.0 -2.0L11.0 -3.0L13.0 -5.0L14.0 -8.0L14.0 -10.0L13.0 -13.0L11.0 -15.0L8.0 -16.0L6.0 -16.0</glyph><glyph bbox="(0.0,14.0,-17.0,-5.0)" char="C" rOff="14">M7.0 -17.0L0.0 -5.0L14.0 -5.0L7.0 -17.0</glyph><glyph bbox="(0.0,12.0,-15.0,-3.0)" char="B" rOff="12">M0.0 -15.0L0.0 -3.0L12.0 -3.0L12.0 -15.0L0.0 -15.0</glyph><glyph bbox="(0.0,16.0,-18.0,-2.0)" char="E" rOff="16">M8.0 -18.0L6.0 -12.0L0.0 -12.0L5.0 -8.0L3.0 -2.0L8.0 -6.0L13.0 -2.0L11.0 -8.0L16.0 -12.0L10.0 -12.0L8.0 -18.0</glyph><glyph bbox="(0.0,12.0,-19.0,1.0)" char="D" rOff="12">M6.0 -19.0L0.0 -9.0L6.0 1.0L12.0 -9.0L6.0 -19.0</glyph><glyph bbox="(0.0,14.0,-16.0,-2.0)" char="G" rOff="14">M7.0 -16.0L7.0 -2.0M0.0 -9.0L14.0 -9.0</glyph><glyph bbox="(0.0,12.0,-15.0,-3.0)" char="F" rOff="12">M4.0 -15.0L4.0 -11.0L0.0 -11.0L0.0 -7.0L4.0 -7.0L4.0 -3.0L8.0 -3.0L8.0 -7.0L12.0 -7.0L12.0 -11.0L8.0 -11.0L8.0 -15.0L4.0 -15.0</glyph><glyph bbox="(0.0,10.0,-15.0,-3.0)" char="I" rOff="10">M5.0 -15.0L5.0 -3.0M0.0 -12.0L10.0 -6.0M10.0 -12.0L0.0 -6.0</glyph><glyph bbox="(0.0,10.0,-14.0,-4.0)" char="H" rOff="10">M0.0 -14.0L10.0 -4.0M10.0 -14.0L0.0 -4.0</glyph><glyph bbox="(0.0,8.0,-13.0,-5.0)" char="K" rOff="8">M0.0 -13.0L0.0 -5.0L8.0 -5.0L8.0 -13.0L0.0 -13.0M1.0 -12.0L1.0 -6.0M2.0 -12.0L2.0 -6.0M3.0 -12.0L3.0 -6.0M4.0 -12.0L4.0 -6.0M5.0 -12.0L5.0 -6.0M6.0 -12.0L6.0 -6.0M7.0 -12.0L7.0 -6.0</glyph><glyph bbox="(0.0,8.0,-13.0,-5.0)" char="J" rOff="8">M3.0 -13.0L1.0 -12.0L0.0 -10.0L0.0 -8.0L1.0 -6.0L3.0 -5.0L5.0 -5.0L7.0 -6.0L8.0 -8.0L8.0 -10.0L7.0 -12.0L5.0 -13.0L3.0 -13.0M1.0 -10.0L1.0 -8.0M2.0 -11.0L2.0 -7.0M3.0 -12.0L3.0 -6.0M4.0 -12.0L4.0 -6.0M5.0 -12.0L5.0 -6.0M6.0 -11.0L6.0 -7.0M7.0 -10.0L7.0 -8.0</glyph><glyph bbox="(0.0,9.0,-14.0,-4.0)" char="M" rOff="9">M0.0 -9.0L9.0 -4.0L9.0 -14.0L0.0 -9.0M3.0 -9.0L8.0 -6.0M3.0 -9.0L8.0 -12.0M6.0 -9.0L8.0 -8.0M6.0 -9.0L8.0 -10.0</glyph><glyph bbox="(0.0,10.0,-15.0,-6.0)" char="L" rOff="10">M5.0 -15.0L0.0 -6.0L10.0 -6.0L5.0 -15.0M5.0 -12.0L2.0 -7.0M5.0 -12.0L8.0 -7.0M5.0 -9.0L4.0 -7.0M5.0 -9.0L6.0 -7.0</glyph><glyph bbox="(0.0,9.0,-14.0,-4.0)" char="O" rOff="9">M9.0 -9.0L0.0 -14.0L0.0 -4.0L9.0 -9.0M6.0 -9.0L1.0 -12.0M6.0 -9.0L1.0 -6.0M3.0 -9.0L1.0 -10.0M3.0 -9.0L1.0 -8.0</glyph><glyph bbox="(0.0,10.0,-12.0,-3.0)" char="N" rOff="10">M5.0 -3.0L10.0 -12.0L0.0 -12.0L5.0 -3.0M5.0 -6.0L8.0 -11.0M5.0 -6.0L2.0 -11.0M5.0 -9.0L6.0 -11.0M5.0 -9.0L4.0 -11.0</glyph><glyph bbox="(0.0,28.0,-9.0,7.0)" char="P" rOff="28">M0.0 -9.0L28.0 -9.0M0.0 -9.0L14.0 7.0M28.0 -9.0L14.0 7.0</glyph><glyph bbox="(0.0,14.0,-16.0,-2.0)" char="a" rOff="14">M6.0 -16.0L3.0 -15.0L1.0 -13.0L0.0 -10.0L0.0 -8.0L1.0 -5.0L3.0 -3.0L6.0 -2.0L8.0 -2.0L11.0 -3.0L13.0 -5.0L14.0 -8.0L14.0 -10.0L13.0 -13.0L11.0 -15.0L8.0 -16.0L6.0 -16.0</glyph><glyph bbox="(0.0,14.0,-17.0,-5.0)" char="c" rOff="14">M7.0 -17.0L0.0 -5.0L14.0 -5.0L7.0 -17.0</glyph><glyph bbox="(0.0,12.0,-15.0,-3.0)" char="b" rOff="12">M0.0 -15.0L0.0 -3.0L12.0 -3.0L12.0 -15.0L0.0 -15.0</glyph><glyph bbox="(0.0,16.0,-18.0,-2.0)" char="e" rOff="16">M8.0 -18.0L6.0 -12.0L0.0 -12.0L5.0 -8.0L3.0 -2.0L8.0 -6.0L13.0 -2.0L11.0 -8.0L16.0 -12.0L10.0 -12.0L8.0 -18.0</glyph><glyph bbox="(0.0,12.0,-19.0,1.0)" char="d" rOff="12">M6.0 -19.0L0.0 -9.0L6.0 1.0L12.0 -9.0L6.0 -19.0</glyph><glyph bbox="(0.0,14.0,-16.0,-2.0)" char="g" rOff="14">M7.0 -16.0L7.0 -2.0M0.0 -9.0L14.0 -9.0</glyph><glyph bbox="(0.0,12.0,-15.0,-3.0)" char="f" rOff="12">M4.0 -15.0L4.0 -11.0L0.0 -11.0L0.0 -7.0L4.0 -7.0L4.0 -3.0L8.0 -3.0L8.0 -7.0L12.0 -7.0L12.0 -11.0L8.0 -11.0L8.0 -15.0L4.0 -15.0</glyph><glyph bbox="(0.0,10.0,-15.0,-3.0)" char="i" rOff="10">M5.0 -15.0L5.0 -3.0M0.0 -12.0L10.0 -6.0M10.0 -12.0L0.0 -6.0</glyph><glyph bbox="(0.0,10.0,-14.0,-4.0)" char="h" rOff="10">M0.0 -14.0L10.0 -4.0M10.0 -14.0L0.0 -4.0</glyph><glyph bbox="(0.0,8.0,-13.0,-5.0)" char="k" rOff="8">M0.0 -13.0L0.0 -5.0L8.0 -5.0L8.0 -13.0L0.0 -13.0M1.0 -12.0L1.0 -6.0M2.0 -12.0L2.0 -6.0M3.0 -12.0L3.0 -6.0M4.0 -12.0L4.0 -6.0M5.0 -12.0L5.0 -6.0M6.0 -12.0L6.0 -6.0M7.0 -12.0L7.0 -6.0</glyph><glyph bbox="(0.0,8.0,-13.0,-5.0)" char="j" rOff="8">M3.0 -13.0L1.0 -12.0L0.0 -10.0L0.0 -8.0L1.0 -6.0L3.0 -5.0L5.0 -5.0L7.0 -6.0L8.0 -8.0L8.0 -10.0L7.0 -12.0L5.0 -13.0L3.0 -13.0M1.0 -10.0L1.0 -8.0M2.0 -11.0L2.0 -7.0M3.0 -12.0L3.0 -6.0M4.0 -12.0L4.0 -6.0M5.0 -12.0L5.0 -6.0M6.0 -11.0L6.0 -7.0M7.0 -10.0L7.0 -8.0</glyph><glyph bbox="(0.0,9.0,-14.0,-4.0)" char="m" rOff="9">M0.0 -9.0L9.0 -4.0L9.0 -14.0L0.0 -9.0M3.0 -9.0L8.0 -6.0M3.0 -9.0L8.0 -12.0M6.0 -9.0L8.0 -8.0M6.0 -9.0L8.0 -10.0</glyph><glyph bbox="(0.0,10.0,-15.0,-6.0)" char="l" rOff="10">M5.0 -15.0L0.0 -6.0L10.0 -6.0L5.0 -15.0M5.0 -12.0L2.0 -7.0M5.0 -12.0L8.0 -7.0M5.0 -9.0L4.0 -7.0M5.0 -9.0L6.0 -7.0</glyph><glyph bbox="(0.0,9.0,-14.0,-4.0)" char="o" rOff="9">M9.0 -9.0L0.0 -14.0L0.0 -4.0L9.0 -9.0M6.0 -9.0L1.0 -12.0M6.0 -9.0L1.0 -6.0M3.0 -9.0L1.0 -10.0M3.0 -9.0L1.0 -8.0</glyph><glyph bbox="(0.0,10.0,-12.0,-3.0)" char="n" rOff="10">M5.0 -3.0L10.0 -12.0L0.0 -12.0L5.0 -3.0M5.0 -6.0L8.0 -11.0M5.0 -6.0L2.0 -11.0M5.0 -9.0L6.0 -11.0M5.0 -9.0L4.0 -11.0</glyph><glyph bbox="(0.0,28.0,-9.0,7.0)" char="p" rOff="28">M0.0 -9.0L28.0 -9.0M0.0 -9.0L14.0 7.0M28.0 -9.0L14.0 7.0</glyph></font>